/mnt/portable/MUSIC/Noise/T/Constant/[02]I will never forget you (Nhato Remix)[3-ay3.1].mp3,
/mnt/portable/MUSIC/Noise/T/Constant/[10]Skittish Trooper[3-re0.1].mp3,
/mnt/portable/MUSIC/Noise/T/Constant/5thEraSelect/[02][3-log.2]LiveActors.mp3,
/mnt/portable/MUSIC/Noise/T/Constant/5thEraSelect/[02][3-v70.2]Listen%20Up.mp3,
/mnt/portable/MUSIC/Noise/T/Constant/5thEraSelect/Itori/[10][3-27g.2]complicated.mp3,
/mnt/portable/MUSIC/Noise/T/Constant/5thEraSelect/Itori/[04][3-286.2]imaginary%20girl.mp3,
/mnt/portable/MUSIC/Noise/T/Constant/5thEraSelect/3L/[04][3-38e.2]%E3%83%9E%E3%83%A8%E3%83%92%E3%82%AC%E3%83%8E%E3%83%A2%E3%83%AA.mp3,
/mnt/portable/MUSIC/Noise/T/Constant/5thEraSelect/3L/[05][3-ior.2]%E6%9C%AA%E7%A2%BA%E8%AA%8D%E5%B9%BB%E6%83%B3%E9%A3%9B%E8%A1%8C%E3%83%80%E3%83%B3%E3%82%B9.mp3,
/mnt/portable/MUSIC/Noise/T/Constant/5thEraSelect/3L/[06][3-v8l.2]%E3%82%A2%E3%83%A2%E3%83%AA%E3%82%BF%E3%83%81%E3%83%86%E3%82%AB%E3%83%9F%E3%83%88%E3%83%9F%E3%83%A6.mp3,
/mnt/portable/MUSIC/Noise/T/Constant/5thEraSelect/3L/[09][3-9su.2]The%20Rise%20and%20Fall.mp3,
/mnt/portable/MUSIC/Noise/T/Constant/5thEraSelect/Misato/[03][3-loh.2]Discoteca.mp3,
/mnt/portable/MUSIC/Noise/T/Constant/5thEraSelect/Misato/[06][3-50x.2]Rondo%20of%20fantasy.mp3,
/mnt/portable/MUSIC/Noise/T/Constant/5thEraSelect/Misato/[07][3-md4.2]%E5%AE%B4%E3%81%AE%E6%9C%88.mp3,
/mnt/portable/MUSIC/Noise/T/Constant/4thEraSelects/[03]fragile x sweet sigh x everything Mash up Remix[3-bk9.1].mp3,
/mnt/portable/MUSIC/Noise/T/Constant/4thEraSelects/[11]Boder of Soul[3-b23.1].mp3,
/mnt/portable/MUSIC/Noise/T/Constant/4thEraSelects/[11]??[3-azi.1].mp3,
/mnt/portable/MUSIC/Noise/T/Constant/4thEraSelects/[08]stand by you[3-bli.1].mp3,
/mnt/portable/MUSIC/Noise/T/Constant/4thEraSelects/[02]Romantic Children[3-2na.1].mp3,
/mnt/portable/MUSIC/Noise/T/Constant/4thEraSelects/[09]Dark Night Memories[3-ayu.1].mp3,
/mnt/portable/MUSIC/Noise/T/Constant/4thEraSelects/[06]My Bloody Teatime[3-au4.1].mp3,
/mnt/portable/MUSIC/Noise/T/Constant/4thEraSelects/[07]Nothing in the Sky[3-au5.1].mp3,
/mnt/portable/MUSIC/Noise/T/Constant/4thEraSelects/[08]Night Bird[3-2ng.1].mp3,
/mnt/portable/MUSIC/Noise/T/Constant/4thEraSelects/[03]Resonance Effect[3-b1l.1].mp3,
/mnt/portable/MUSIC/Noise/T/Constant/4thEraSelects/[08]Supreme Star Rising[3-azf.1].mp3,
/mnt/portable/MUSIC/Noise/T/Constant/4thEraSelects/[10]????????[3-azh.1].mp3,
/mnt/portable/MUSIC/Noise/T/Constant/4thEraSelects/[07]Believe It[3-az3.1].mp3,
/mnt/portable/MUSIC/Noise/T/Constant/4thEraSelects/[01]ANCIENT TEMPLE ?That's STYLE?[3-1o.1].mp3,
/mnt/portable/MUSIC/Noise/T/Constant/4thEraSelects/[03]Colors[3-b18.1].mp3,
/mnt/portable/MUSIC/Noise/T/Constant/4thEraSelects/[07]Another Dimension[3-atv.1].mp3,
/mnt/portable/MUSIC/Noise/T/Constant/4thEraSelects/[08]Maple Wizen (2007AW Re-Mastered)[3-2u6.1].mp3,
/mnt/portable/MUSIC/Noise/T/Constant/4thEraSelects/[02]Dark Road[3-2u0.1].mp3,
/mnt/portable/MUSIC/Noise/T/Constant/4thEraSelects/[08]Border of Love[3-aus.1].mp3,
/mnt/portable/MUSIC/Noise/T/Constant/4thEraSelects/[06]White Pieces[3-ayr.1].mp3,
/mnt/portable/MUSIC/Noise/T/Constant/4thEraSelects/[09]Mellow[3-au7.1].mp3,
/mnt/portable/MUSIC/Noise/T/Constant/4thEraSelects/[03]I will Never Forget You[3-aun.1].mp3,
/mnt/portable/MUSIC/Noise/T/Constant/4thEraSelects/[06]Star Mind[3-az2.1].mp3,
/mnt/portable/MUSIC/Noise/T/Constant/4thEraSelects/[06]Limbo[3-2ne.1].mp3,
/mnt/portable/MUSIC/Noise/T/Constant/4thEraSelects/[05]Elebreaka[3-b1a.1].mp3,
/mnt/portable/MUSIC/Noise/T/Constant/4thEraSelects/[09]Oblivion[3-aut.1].mp3,
/mnt/portable/MUSIC/Noise/T/Constant/4thEraSelects/[07]Sweets in the Spell[3-aur.1].mp3,
/mnt/portable/MUSIC/Noise/T/Constant/4thEraSelects/[01]Ancient[3-2n9.1].mp3,
/mnt/portable/MUSIC/Noise/T/Constant/4thEraSelects/[11]Blooming[3-az7.1].mp3,
/mnt/portable/MUSIC/Noise/T/Constant/4thEraSelects/[09]Singing in the rain[3-azg.1].mp3,
/mnt/portable/MUSIC/Noise/T/Constant/38BEETS[1-1ng]/ReMix[2-117]/[01]ãã¼ãã¬ã¼ãã»ã¹ããã[3-8th.1].mp3,
/mnt/portable/MUSIC/Noise/T/Constant/38BEETS[1-1ng]/ReMix[2-117]/[03]crossing[3-8tj.1].mp3,
/mnt/portable/MUSIC/Noise/T/Constant/38BEETS[1-1ng]/ReMix[2-117]/[04]Solitude[3-8tk.1].mp3,
/mnt/portable/MUSIC/Noise/T/Constant/38BEETS[1-1ng]/ReMix[2-117]/[07]Oh, my secret[3-8tn.1].mp3,
/mnt/portable/MUSIC/Noise/T/Constant/38BEETS[1-1ng]/ReMix[2-117]/[09]Cry[3-8tp.1].mp3,
/mnt/portable/MUSIC/Noise/T/Constant/38BEETS[1-1ng]/ReMix[2-117]/[10]éè²å½¼æ¹[3-8tq.1].mp3,
/mnt/portable/MUSIC/Noise/T/Constant/38BEETS[1-1ng]/ReMix[2-117]/[11]è§£è±ããã«ã¹ãã¤ã[3-8tr.1].mp3,
/mnt/portable/MUSIC/Noise/T/Constant/38BEETS[1-1ng]/PUZZLE[2-11a]/[01]Vertical[3-8uh.1].mp3,
/mnt/portable/MUSIC/Noise/T/Constant/38BEETS[1-1ng]/PUZZLE[2-11a]/[10]xxxself.[3-8uq.1].mp3,
/mnt/portable/MUSIC/Noise/T/Constant/38BEETS[1-1ng]/PUZZLE[2-11a]/[11]one's way back[3-8ur.1].mp3,
/mnt/portable/MUSIC/Noise/T/Constant/38BEETS[1-1ng]/PUZZLE[2-11a]/[12]ç½ªã¨çåï½Shattered guilty[3-8us.1].mp3,
/mnt/portable/MUSIC/Noise/T/Constant/38BEETS[1-1ng]/God knows[2-113]/[05]Front of a gate[3-8sd.1].mp3,
/mnt/portable/MUSIC/Noise/T/Constant/38BEETS[1-1ng]/God knows[2-113]/[10]Re[3-8si.1].mp3,
/mnt/portable/MUSIC/Noise/T/Constant/38BEETS[1-1ng]/God knows[2-113]/[12]â Pentagon[3-8sk.1].mp3,
/mnt/portable/MUSIC/Noise/T/Constant/38BEETS[1-1ng]/God knows[2-113]/[16]Future[3-8so.1].mp3,
/mnt/portable/MUSIC/Noise/T/Constant/38BEETS[1-1ng]/FOREVER[2-114]/[02]Woods of illusion[3-8sq.1].mp3,
/mnt/portable/MUSIC/Noise/T/Constant/38BEETS[1-1ng]/FOREVER[2-114]/[03]The shadow of a rabbit[3-8sr.1].mp3,
/mnt/portable/MUSIC/Noise/T/Constant/38BEETS[1-1ng]/FOREVER[2-114]/[04]Try to end[3-8ss.1].mp3,
/mnt/portable/MUSIC/Noise/T/Constant/38BEETS[1-1ng]/Edge[2-115]/[01]The ghost to dance[3-8su.1].mp3,
/mnt/portable/MUSIC/Noise/T/Constant/38BEETS[1-1ng]/Edge[2-115]/[02]ã³ã¤ã³[3-8sv.1].mp3,
/mnt/portable/MUSIC/Noise/T/Constant/38BEETS[1-1ng]/Edge[2-115]/[04]EmptyRoom[3-8sx.1].mp3,
/mnt/portable/MUSIC/Noise/T/Constant/38BEETS[1-1ng]/Edge[2-115]/[05]Fall of feather[3-8sy.1].mp3,
/mnt/portable/MUSIC/Noise/T/Constant/38BEETS[1-1ng]/Edge[2-115]/[06]Girl locus[3-8sz.1].mp3,
/mnt/portable/MUSIC/Noise/T/Constant/38BEETS[1-1ng]/Edge[2-115]/[08]çã®ç©º[3-8t1.1].mp3,
/mnt/portable/MUSIC/Noise/T/Constant/38BEETS[1-1ng]/Edge[2-115]/[09]è[3-8t2.1].mp3,
/mnt/portable/MUSIC/Noise/T/Constant/38BEETS[1-1ng]/Edge[2-115]/[10]çµãã éã®åã«[3-8t3.1].mp3,
/mnt/portable/MUSIC/Noise/T/Constant/38BEETS[1-1ng]/Edge[2-115]/[11]Divine spirits'dream[3-8t4.1].mp3,
/mnt/portable/MUSIC/Noise/T/Constant/38BEETS[1-1ng]/Edge of life[2-112]/[01]Autumn[3-8ry.1].mp3,
/mnt/portable/MUSIC/Noise/T/Constant/38BEETS[1-1ng]/Edge of life[2-112]/[02]graveyard[3-8rz.1].mp3,
/mnt/portable/MUSIC/Noise/T/Constant/38BEETS[1-1ng]/Edge of life[2-112]/[03]âPentagon ~ I know[3-8s0.1].mp3,
/mnt/portable/MUSIC/Noise/T/Constant/38BEETS[1-1ng]/Edge of life[2-112]/[04]è¼ªè[3-8s1.1].mp3,
/mnt/portable/MUSIC/Noise/T/Constant/38BEETS[1-1ng]/Edge of life[2-112]/[05]å¤ç©ºã®æã¾ã§[3-8s2.1].mp3,
/mnt/portable/MUSIC/Noise/T/Constant/38BEETS[1-1ng]/Edge of life[2-112]/[06]ç´[3-8s3.1].mp3,
/mnt/portable/MUSIC/Noise/T/Constant/38BEETS[1-1ng]/Edge of life[2-112]/[09]æ¡æè[3-8s6.1].mp3,
/mnt/portable/MUSIC/Noise/T/Constant/38BEETS[1-1ng]/Edge of life[2-112]/[11]Dear rest[3-8s8.1].mp3,
/mnt/portable/MUSIC/Noise/T/Constant/38BEETS[1-1ng]/Circle[2-11b]/[10]æåè²[3-8v3.1].mp3,
/mnt/portable/MUSIC/Noise/T/Constant/38BEETS[1-1ng]/Circle[2-11b]/[02]è¼ªå»»ã®çè»[3-8uv.1].mp3,
/mnt/portable/MUSIC/Noise/T/Constant/38BEETS[1-1ng]/Circle[2-11b]/[05]è¦æãç¯[3-8uy.1].mp3,
/mnt/portable/MUSIC/Noise/T/Constant/38BEETS[1-1ng]/Circle[2-11b]/[08]æ¥ç [3-8v1.1].mp3,
/mnt/portable/MUSIC/Noise/T/Constant/38BEETS[1-1ng]/Circle[2-11b]/[09]æ°¸å[3-8v2.1].mp3,
/mnt/portable/MUSIC/Noise/T/Constant/38BEETS[1-1ng]/Cause and effect[2-111]/[01]Empty Garden[3-8rn.1].mp3,
/mnt/portable/MUSIC/Noise/T/Constant/38BEETS[1-1ng]/Cause and effect[2-111]/[02]SIN[3-8ro.1].mp3,
/mnt/portable/MUSIC/Noise/T/Constant/38BEETS[1-1ng]/Cause and effect[2-111]/[03]Thought[3-8rp.1].mp3,
/mnt/portable/MUSIC/Noise/T/Constant/38BEETS[1-1ng]/Cause and effect[2-111]/[07]Naive[3-8rt.1].mp3,
/mnt/portable/MUSIC/Noise/T/Constant/38BEETS[1-1ng]/Cause and effect[2-111]/[08]Night of cherry[3-8ru.1].mp3,
/mnt/portable/MUSIC/Noise/T/Constant/38BEETS[1-1ng]/Cause and effect[2-111]/[10]Border Line[3-8rw.1].mp3,
/mnt/portable/MUSIC/Noise/T/Constant/38BEETS[1-1ng]/Cause and effect[2-111]/[11]Mud[3-8rx.1].mp3,
/mnt/portable/MUSIC/Noise/T/Constant/38BEETS[1-1ng]/Around[2-119]/[01]Cry[3-8u5.1].mp3,
/mnt/portable/MUSIC/Noise/T/Constant/38BEETS[1-1ng]/Around[2-119]/[02]éè²å½¼æ¹[3-8u6.1].mp3,
/mnt/portable/MUSIC/Noise/T/Constant/38BEETS[1-1ng]/Around[2-119]/[03]Phantom of winter[3-8u7.1].mp3,
/mnt/portable/MUSIC/Noise/T/Constant/38BEETS[1-1ng]/Around[2-119]/[04]Crescent[3-8u8.1].mp3,
/mnt/portable/MUSIC/Noise/T/Constant/38BEETS[1-1ng]/Around[2-119]/[05]æ§[3-8u9.1].mp3,
/mnt/portable/MUSIC/Noise/T/Constant/38BEETS[1-1ng]/Around[2-119]/[06]Flower in the sky[3-8ua.1].mp3,
/mnt/portable/MUSIC/Noise/T/Constant/38BEETS[1-1ng]/Around[2-119]/[07]è§£è±ããã«ã¹ãã¤ã[3-8ub.1].mp3,
/mnt/portable/MUSIC/Noise/T/Constant/38BEETS[1-1ng]/Around[2-119]/[08]Basket inside[3-8uc.1].mp3,
/mnt/portable/MUSIC/Noise/T/Constant/38BEETS[1-1ng]/Around[2-119]/[09]Bound[3-8ud.1].mp3,
/mnt/portable/MUSIC/Noise/T/Constant/38BEETS[1-1ng]/Around[2-119]/[10]Graveyard[3-8ue.1].mp3,
/mnt/portable/MUSIC/Noise/T/Constant/38BEETS[1-1ng]/Around[2-119]/[11]Blessing[3-8uf.1].mp3,
/mnt/portable/MUSIC/Noise/T/Constant/38BEETS[1-1ng]/Around[2-119]/[12]é¢ä¸éé[3-8ug.1].mp3,
/mnt/portable/MUSIC/Noise/T/Constant/38BEETS[1-1ng]/ãããã[2-118]/[01]éçµ¶çé å[3-8tt.1].mp3,
/mnt/portable/MUSIC/Noise/T/Constant/38BEETS[1-1ng]/ãããã[2-118]/[02]ä¸å¯è¦åç·[3-8tu.1].mp3,
/mnt/portable/MUSIC/Noise/T/Constant/38BEETS[1-1ng]/ãããã[2-118]/[03]æ³[3-8tv.1].mp3,
/mnt/portable/MUSIC/Noise/T/Constant/38BEETS[1-1ng]/ãããã[2-118]/[04]æ·±æ·µ[3-8tw.1].mp3,
/mnt/portable/MUSIC/Noise/T/Constant/38BEETS[1-1ng]/ãããã[2-118]/[05]å¿µã[3-8tx.1].mp3,
/mnt/portable/MUSIC/Noise/T/Constant/38BEETS[1-1ng]/ãããã[2-118]/[06]è¼ªè[3-8ty.1].mp3,
/mnt/portable/MUSIC/Noise/T/Constant/38BEETS[1-1ng]/ãããã[2-118]/[07]Keep out![3-8tz.1].mp3,
/mnt/portable/MUSIC/Noise/T/Constant/38BEETS[1-1ng]/ãããã[2-118]/[08]å¤©[3-8u0.1].mp3,
/mnt/portable/MUSIC/Noise/T/Constant/38BEETS[1-1ng]/ãããã[2-118]/[09]èª°ãçºã«[3-8u1.1].mp3,
/mnt/portable/MUSIC/Noise/T/Constant/38BEETS[1-1ng]/ãããã[2-118]/[10]æ¥é·[3-8u2.1].mp3,
/mnt/portable/MUSIC/Noise/T/Constant/38BEETS[1-1ng]/ãããã[2-118]/[11]æ¡[3-8u3.1].mp3,
/mnt/portable/MUSIC/Noise/T/Constant/38BEETS[1-1ng]/ãããã[2-118]/[12]ãããã®å­£ç¯[3-8u4.1].mp3,
/mnt/portable/MUSIC/Noise/T/Constant/38BEETS[1-1ng]/MOON[2-116]/[01]ææ¶[3-8t5.1].mp3,
/mnt/portable/MUSIC/Noise/T/Constant/38BEETS[1-1ng]/MOON[2-116]/[04]Artemis[3-8t8.1].mp3,
/mnt/portable/MUSIC/Noise/T/Constant/38BEETS[1-1ng]/MOON[2-116]/[05]çµ ï½ Love Phantom[3-8t9.1].mp3,
/mnt/portable/MUSIC/Noise/T/Constant/38BEETS[1-1ng]/MOON[2-116]/[06]Cherished dolls[3-8ta.1].mp3,
/mnt/portable/MUSIC/Noise/T/Constant/38BEETS[1-1ng]/MOON[2-116]/[10]å¤¢æ³[3-8te.1].mp3,
/mnt/portable/MUSIC/Noise/T/Constant/38BEETS[1-1ng]/MOON[2-116]/[11]æ³ã[3-8tf.1].mp3,
/mnt/portable/MUSIC/Noise/T/Constant/38beets[1-1nn]/POISONING[2-11f]/[01]Insanity[3-8w4.1].mp3,
/mnt/portable/MUSIC/Noise/T/Constant/38beets[1-1nn]/POISONING[2-11f]/[02]Absolute Zero[3-8w5.1].mp3,
/mnt/portable/MUSIC/Noise/T/Constant/38beets[1-1nn]/POISONING[2-11f]/[03]Brilliant Colors[3-8w6.1].mp3,
/mnt/portable/MUSIC/Noise/T/Constant/38beets[1-1nn]/POISONING[2-11f]/[04]Night Parade[3-8w7.1].mp3,
/mnt/portable/MUSIC/Noise/T/Constant/38beets[1-1nn]/POISONING[2-11f]/[05]Arc Trajectory[3-8w8.1].mp3,
/mnt/portable/MUSIC/Noise/T/Constant/38beets[1-1nn]/POISONING[2-11f]/[06]Happy Tea Break[3-8w9.1].mp3,
/mnt/portable/MUSIC/Noise/T/Constant/38beets[1-1nn]/POISONING[2-11f]/[07]The Girl Will Be Locked[3-8wa.1].mp3,
/mnt/portable/MUSIC/Noise/T/Constant/38beets[1-1nn]/POISONING[2-11f]/[08]Diabolism[3-8wb.1].mp3,
/mnt/portable/MUSIC/Noise/T/Constant/38beets[1-1nn]/POISONING[2-11f]/[09]æããªãæ-rmx-[3-8wc.1].mp3,
/mnt/portable/MUSIC/Noise/T/Constant/38beets[1-1nn]/POISONING[2-11f]/[10]Noble Dreamers[3-8wd.1].mp3,
/mnt/portable/MUSIC/Noise/T/Constant/38beets[1-1nn]/POISONING[2-11f]/[11]mxoxn[3-8we.1].mp3,
/mnt/portable/MUSIC/Noise/T/Constant/38beets[1-1nn]/POISONING[2-11f]/[12]platinum platonic[3-8wf.1].mp3,
/mnt/portable/MUSIC/Noise/T/Constant/38beets[1-1nn]/PIECES[2-11e]/[01]ç¨²ç°å§«æ§ã«æãã¦ããã[3-8vq.1].mp3,
/mnt/portable/MUSIC/Noise/T/Constant/38beets[1-1nn]/PIECES[2-11e]/[02]eyes dim with tears[3-8vr.1].mp3,
/mnt/portable/MUSIC/Noise/T/Constant/38beets[1-1nn]/PIECES[2-11e]/[04]An evil way[3-8vt.1].mp3,
/mnt/portable/MUSIC/Noise/T/Constant/38beets[1-1nn]/PIECES[2-11e]/[05]sadness[3-8vu.1].mp3,
/mnt/portable/MUSIC/Noise/T/Constant/38beets[1-1nn]/PIECES[2-11e]/[06]The World, With The Wings[3-8vv.1].mp3,
/mnt/portable/MUSIC/Noise/T/Constant/38beets[1-1nn]/PIECES[2-11e]/[07]A dream of puppeteers[3-8vw.1].mp3,
/mnt/portable/MUSIC/Noise/T/Constant/38beets[1-1nn]/PIECES[2-11e]/[08]Love Phantom[3-8vx.1].mp3,
/mnt/portable/MUSIC/Noise/T/Constant/38beets[1-1nn]/PIECES[2-11e]/[09]â¦æã¾ã§å±ããã®æ³ã[3-8vy.1].mp3,
/mnt/portable/MUSIC/Noise/T/Constant/38beets[1-1nn]/PIECES[2-11e]/[10]è¿·ãã®æ£®[3-8vz.1].mp3,
/mnt/portable/MUSIC/Noise/T/Constant/38beets[1-1nn]/PIECES[2-11e]/[11]Border Line (instrumental)[3-8w0.1].mp3,
/mnt/portable/MUSIC/Noise/T/Constant/38beets[1-1nn]/PIECES[2-11e]/[12]The World, With The Wings (instrumental)[3-8w1.1].mp3,
/mnt/portable/MUSIC/Noise/T/Constant/38beets[1-1nn]/PIECES[2-11e]/[13]â¦æã¾ã§å±ããã®æ³ã (instrumental)[3-8w2.1].mp3,
/mnt/portable/MUSIC/Noise/T/Constant/38beets[1-1nn]/PIECES[2-11e]/[14]è¿·ãã®æ£® (instrumental)[3-8w3.1].mp3,
/mnt/portable/MUSIC/Noise/T/Constant/38beets[1-1nn]/PLEASANT[2-11d]/[01]-iroha-[3-8vg.1].mp3,
/mnt/portable/MUSIC/Noise/T/Constant/38beets[1-1nn]/PLEASANT[2-11d]/[02]Lovable World[3-8vh.1].mp3,
/mnt/portable/MUSIC/Noise/T/Constant/38beets[1-1nn]/PLEASANT[2-11d]/[03]Departed Princess ï½äº¡ãå§«ã®é¡ã[3-8vi.1].mp3,
/mnt/portable/MUSIC/Noise/T/Constant/38beets[1-1nn]/PLEASANT[2-11d]/[04]ããªã¢ãªãä¿ºã®ã¸ã£ã¹ãã£ã¹[3-8vj.1].mp3,
/mnt/portable/MUSIC/Noise/T/Constant/38beets[1-1nn]/PLEASANT[2-11d]/[05]Frosty star[3-8vk.1].mp3,
/mnt/portable/MUSIC/Noise/T/Constant/38beets[1-1nn]/PLEASANT[2-11d]/[06]åã¯ãæ°ã®åãã¾ã¾ã«ã[3-8vl.1].mp3,
/mnt/portable/MUSIC/Noise/T/Constant/38beets[1-1nn]/PLEASANT[2-11d]/[07]SNOW JEWEL[3-8vm.1].mp3,
/mnt/portable/MUSIC/Noise/T/Constant/38beets[1-1nn]/PLEASANT[2-11d]/[08]SAKURA MISSION 34[3-8vn.1].mp3,
/mnt/portable/MUSIC/Noise/T/Constant/38beets[1-1nn]/PLEASANT[2-11d]/[09]Ghost in the overdrive feat.mintea[3-8vo.1].mp3,
/mnt/portable/MUSIC/Noise/T/Constant/38beets[1-1nn]/PLEASANT[2-11d]/[10]ãã³ãã© -T-[3-8vp.1].mp3,
/mnt/portable/MUSIC/Noise/T/Constant/38beets[1-1nn]/LABOR PAINS[2-11c]/[01]å½¼å²¸è¯[3-8v4.1].mp3,
/mnt/portable/MUSIC/Noise/T/Constant/38beets[1-1nn]/LABOR PAINS[2-11c]/[02]mad[3-8v5.1].mp3,
/mnt/portable/MUSIC/Noise/T/Constant/38beets[1-1nn]/LABOR PAINS[2-11c]/[03]Love color[3-8v6.1].mp3,
/mnt/portable/MUSIC/Noise/T/Constant/38beets[1-1nn]/LABOR PAINS[2-11c]/[04]Flower Party[3-8v7.1].mp3,
/mnt/portable/MUSIC/Noise/T/Constant/38beets[1-1nn]/LABOR PAINS[2-11c]/[06]Au revoir[3-8v9.1].mp3,
/mnt/portable/MUSIC/Noise/T/Constant/38beets[1-1nn]/LABOR PAINS[2-11c]/[07]Millennium[3-8va.1].mp3,
/mnt/portable/MUSIC/Noise/T/Constant/38beets[1-1nn]/LABOR PAINS[2-11c]/[08]Birth[3-8vb.1].mp3,
/mnt/portable/MUSIC/Noise/T/Constant/38beets[1-1nn]/LABOR PAINS[2-11c]/[09]ICY BLASTS[3-8vc.1].mp3,
/mnt/portable/MUSIC/Noise/T/Constant/38beets[1-1nn]/LABOR PAINS[2-11c]/[10]Beautiful Old Town[3-8vd.1].mp3,
/mnt/portable/MUSIC/Noise/T/Constant/38beets[1-1nn]/LABOR PAINS[2-11c]/[11]åç -the stern realities of life[3-8ve.1].mp3,
/mnt/portable/MUSIC/Noise/T/Constant/38beets[1-1nn]/LABOR PAINS[2-11c]/[12]End of feast[3-8vf.1].mp3,
/mnt/portable/MUSIC/Noise/T/Constant/38BEETSxAlice Music[1-ir]/Rouge[2-ap]/[01]crossing[3-2cv.1].mp3,
/mnt/portable/MUSIC/Noise/T/Constant/38BEETSxAlice Music[1-ir]/Rouge[2-ap]/[02]Insanity ï½ Pmix[3-2cw.1].mp3,
/mnt/portable/MUSIC/Noise/T/Constant/38BEETSxAlice Music[1-ir]/Rouge[2-ap]/[04]Dark Knight[3-2cy.1].mp3,
/mnt/portable/MUSIC/Noise/T/Constant/38BEETSxAlice Music[1-ir]/Rouge[2-ap]/[05]meiDoll[3-2cz.1].mp3,
/mnt/portable/MUSIC/Noise/T/Constant/38BEETSxAlice Music[1-ir]/Rouge[2-ap]/[06]äº¡ãå½¼å¥³ã®çºã®ã¬ã¯ã¤ã¨ã [3-2d0.1].mp3,
/mnt/portable/MUSIC/Noise/T/Constant/38BEETSxAlice Music[1-ir]/Rouge[2-ap]/[07]stardust[3-2d1.1].mp3,
/mnt/portable/MUSIC/Noise/T/Constant/38BEETSxAlice Music[1-ir]/Rouge[2-ap]/[08]Tea Time[3-2d2.1].mp3,
/mnt/portable/MUSIC/Noise/T/Constant/Manual/[06]MyonMyonMyon![3-zzz.1].mp3,
/mnt/portable/MUSIC/Noise/T/Constant/Manual/[03]TIMELESS ROMANCE[3-2nl.1].mp3,
/mnt/portable/MUSIC/Noise/T/Constant/Manual/[05]CHECK THIS OUT[3-2nx.1].mp3,
/mnt/portable/MUSIC/Noise/T/Constant/Manual/[07]KILL MAGIC[3-2ok.1].mp3,
/mnt/portable/MUSIC/Noise/T/Constant/Manual/[08]Saigetsu[3-2q8.1].mp3,
/mnt/portable/MUSIC/Noise/T/Constant/Manual/[05]Ghost Bleep[3-bel.1].mp3,
/mnt/portable/MUSIC/Noise/T/Constant/Manual/[01]Keep Going![3-au9.1].mp3,
/mnt/portable/MUSIC/Noise/T/Constant/Manual/[04]Fortune Heart[3-ayf.1].mp3,
/mnt/portable/MUSIC/Noise/T/Constant/Manual/[01]Fortune Heart[3-5.1].mp3,
/mnt/portable/MUSIC/Noise/T/Constant/Manual/[05]?[3-8u9.1].mp3,
/mnt/portable/MUSIC/Noise/T/Constant/Shibayan Records[1-5ai]/Crystal Stone[2-47f]/[01]ãã¤ã¦ã®å»çã¯[3-1006.1].mp3,
/mnt/portable/MUSIC/Noise/T/Constant/Shibayan Records[1-5ai]/Crystal Stone[2-47f]/[02]é¢¨éãæ©[3-1007.1].mp3,
/mnt/portable/MUSIC/Noise/T/Constant/Shibayan Records[1-5ai]/Crystal Stone[2-47f]/[03]å®´[3-1008.1].mp3,
/mnt/portable/MUSIC/Noise/T/Constant/Shibayan Records[1-5ai]/Crystal Stone[2-47f]/[04]å¿«é©é¢¨ç©´ã©ã¤ã[3-1009.1].mp3,
/mnt/portable/MUSIC/Noise/T/Constant/Shibayan Records[1-5ai]/Crystal Stone[2-47f]/[05]å°å¥³ã®æã[3-100a.1].mp3,
/mnt/portable/MUSIC/Noise/T/Constant/Shibayan Records[1-5ai]/Crystal Stone[2-47f]/[06]ãããã®è¿·å®®[3-100b.1].mp3,
/mnt/portable/MUSIC/Noise/T/Constant/Shibayan Records[1-5ai]/Crystal Stone[2-47f]/[07]éã®ããªã¯ã¹[3-100c.1].mp3,
/mnt/portable/MUSIC/Noise/T/Constant/Shibayan Records[1-5ai]/Crystal Stone[2-47f]/[08]å°çã®è¦è¼ª[3-100d.1].mp3,
/mnt/portable/MUSIC/Noise/T/Constant/Shibayan Records[1-5ai]/Crystal Stone[2-47f]/[09]è¯ã¯æ¥ã«éã[3-100e.1].mp3,
/mnt/portable/MUSIC/Noise/T/Constant/Shibayan Records[1-5ai]/Crystal Stone[2-47f]/[10]ããï½ããã[3-100f.1].mp3,
/mnt/portable/MUSIC/Noise/T/Constant/Shibayan Records[1-5ai]/MyonMyonMyon![2-47e]/[01]MyonMyonMyon[3-1005.1].mp3,
/mnt/portable/MUSIC/Noise/T/Constant/Stebbins/[08]Time Will Tell[3-b9l.1].mp3,
/mnt/portable/MUSIC/Noise/T/Constant/Stebbins/[05]No Guardian Angel[3-b9i.1].mp3,
/mnt/portable/MUSIC/Noise/T/Constant/Stebbins/[04]IT IS SO[3-bc3.1].mp3,
/mnt/portable/MUSIC/Noise/T/Constant/Stebbins/[07]FINAL BREATH[3-bbw.1].mp3,
/mnt/portable/MUSIC/Noise/T/Constant/Stebbins/[05]Rain Dance[3-bah.1].mp3,
/mnt/portable/MUSIC/Noise/T/Constant/Stebbins/[03]Worldly Spirits[3-ba6.1].mp3,
/mnt/portable/MUSIC/Noise/T/Constant/Alstro/HAUNTED DANCEHALL[2-c7]/[10]Plain Asia (Camellia?s Reconstructed Plainness rmx.)[3-2q0.1].mp3,
/mnt/portable/MUSIC/Noise/T/Constant/Alstro/HAUNTED DANCEHALL[2-c7]/[02]Ancient[3-2ps.1].mp3,
/mnt/portable/MUSIC/Noise/T/Constant/Alstro/HAUNTED DANCEHALL[2-c7]/[03]Witching Dream[3-2pt.1].mp3,
/mnt/portable/MUSIC/Noise/T/Constant/Alstro/HAUNTED DANCEHALL[2-c7]/[09]your smile,your face, your lies, your love[3-2pz.1].mp3,
/mnt/portable/MUSIC/Noise/T/Constant/Alstro/HAUNTED DANCEHALL[2-c7]/[01]only in the morning upside down after moonlight[3-2pr.1].mp3,
/mnt/portable/MUSIC/Noise/T/Constant/Alstro/HAUNTED DANCEHALL[2-c7]/[06]Little Love Girl[3-2pw.1].mp3,
/mnt/portable/MUSIC/Noise/T/Constant/Cytokine/[01]Rondo[3-bk7.1].mp3,
/mnt/portable/MUSIC/Noise/T/Constant/Cytokine/[01]Flowery.[3-bl1.1].mp3,
/mnt/portable/MUSIC/Noise/T/Constant/Cytokine/[13]a.shi.ta - CYTOKINE Remix[3-bkm.1].mp3,
/mnt/portable/MUSIC/Noise/T/Constant/Cytokine/[02]Crystallize Silver[3-bmc.1].mp3,
/mnt/portable/MUSIC/Noise/T/Constant/Cytokine/[06]Gather Gold[3-bnm.1].mp3,
/mnt/portable/MUSIC/Noise/T/Constant/Cytokine/[07]GATHER GOLD?instrumental?[3-bnb.1].mp3,
/mnt/portable/MUSIC/Noise/T/Constant/Cytokine/[02]Old World[3-bpc.1].mp3,
/mnt/portable/MUSIC/Noise/T/Constant/Cytokine/[14]????????????without Vocal Track??[3-boj.1].mp3,
/mnt/portable/MUSIC/Noise/T/Constant/Cytokine/[06]across the border of life[3-bmo.1].mp3,
/mnt/portable/MUSIC/Noise/T/Constant/Cytokine/[03]wish 4 shadows[3-bml.1].mp3,
/mnt/portable/MUSIC/Noise/T/Constant/Cytokine/[07]Taboo Silence Dolls[3-bm0.1].mp3,
/mnt/portable/MUSIC/Noise/T/Constant/Cytokine/[02]white lies[3-bll.1].mp3,
/mnt/portable/MUSIC/Noise/T/Constant/Cytokine/[05]Alice in Wonderland[3-bnr.1].mp3,
/mnt/portable/MUSIC/Noise/T/Constant/Cytokine/[02]FLASHING POINT[3-blc.1].mp3,
/mnt/portable/MUSIC/Noise/T/Constant/Cytokine/[02]R.E.D[3-bmk.1].mp3,
/mnt/portable/MUSIC/Noise/T/Constant/Cytokine/[09]sayonara.[3-bls.1].mp3,
/mnt/portable/MUSIC/Noise/T/Constant/Cytokine/FLASHBACK to ...[2-1cd]/[10]Track10[3-bo5.1].mp3,
/mnt/portable/MUSIC/Noise/T/Constant/Cytokine/FLASHBACK to ...[2-1cd]/[05]Yume x Utsutsu[3-bo0.1].mp3,
/mnt/portable/MUSIC/Noise/T/Constant/Cytokine/FLASHBACK to ...[2-1cd]/[02]The 'U.N.Owen' is her [3-bnx.1].mp3,
/mnt/portable/MUSIC/Noise/T/Constant/Cytokine/FLASHBACK to ...[2-1cd]/[07]? -???? ?Colorful Path?[3-bo2.1].mp3,
/mnt/portable/MUSIC/Noise/T/Constant/Cytokine/FLASHBACK to ...[2-1cd]/[04]F.M.S[3-bnz.1].mp3,
/mnt/portable/MUSIC/Noise/T/Constant/Cytokine/FLASHBACK to ...[2-1cd]/[09]? -Cage-[3-bo4.1].mp3,
/mnt/portable/MUSIC/Noise/T/Constant/Cytokine/FLASHBACK to ...[2-1cd]/[03]????[3-bny.1].mp3,
/mnt/portable/MUSIC/Noise/T/Constant/Cytokine/FLASHBACK to ...[2-1cd]/[01]?????????[3-bnw.1].mp3,
/mnt/portable/MUSIC/Noise/T/Constant/select/[05]Sacrifice[3-bd7.1].mp3,
/mnt/portable/MUSIC/Noise/T/Constant/select/[04]Love Shooter[3-rea.1].mp3,
/mnt/portable/MUSIC/Noise/T/Constant/select/[05]Ego Trip[3-reb.1].mp3,
/mnt/portable/MUSIC/Noise/T/Constant/select/[06]Invisible Nightmare[3-rec.1].mp3,
/mnt/portable/MUSIC/Noise/T/Constant/select/[01]All Out[3-rdr.1].mp3,
/mnt/portable/MUSIC/Noise/T/Constant/select/[02]Mental Works[3-rds.1].mp3,
/mnt/portable/MUSIC/Noise/T/Constant/select/08 - peoco. - Heart of the Sabbath-like Grimoire.mp3,
/mnt/portable/MUSIC/Noise/T/Constant/select/[02]Byte Night[3-atl.1].mp3,
/mnt/portable/MUSIC/Noise/T/Constant/select/[10]For Lovers not Fighters (Tsukasa Remix)[3-2sm.1].mp3,
/mnt/portable/MUSIC/Noise/T/Constant/select/[02]FOUR SEASONS OF LONELINESS[3-tdp.1].mp3,
/mnt/portable/MUSIC/Noise/T/Constant/select/[03][3-tcw.1].mp3,
/mnt/portable/MUSIC/Noise/T/Constant/select/[02][3-bo7.1].mp3,
/mnt/portable/MUSIC/Noise/T/Constant/select/[02]kenkoutewi Vocal[3-bo7.1].mp3,
/mnt/portable/MUSIC/Noise/T/Constant/Triple Time/[04]Integration under the moon of codes[3-2p8.1].mp3,
/mnt/portable/MUSIC/Noise/T/Constant/Triple Time/[03]MANIACAL DEGREE[3-2nv.1].mp3,
/mnt/portable/MUSIC/Noise/T/Constant/Triple Time/[02]PUNISHMENT[3-2n0.1].mp3,
/mnt/portable/MUSIC/Noise/T/Constant/Triple Time/[03]CRASH ME![3-zzw.1].mp3,
/mnt/portable/MUSIC/Noise/T/Constant/Triple Time/[01]Creeping indication[3-bm3.1].mp3,
/mnt/portable/MUSIC/Noise/T/Constant/Triple Time/[09]_Oblivion.mp3,
/mnt/portable/MUSIC/Noise/T/Constant/Triple Time/[03]_Brilliant Colors.mp3,
/mnt/portable/MUSIC/Noise/T/Constant/Triple Time/[10]_Noble Dreamers.mp3,
/mnt/portable/MUSIC/Noise/T/Constant/Triple Time/[00][02]_Absolute Zero.mp3,
/mnt/portable/MUSIC/Noise/T/Constant/For The Music/[07]?????????[3-1000.1].mp3,
/mnt/portable/MUSIC/Noise/T/Constant/For The Music/[11] Albatross.mp3,
/mnt/portable/MUSIC/Noise/T/Constant/For The Music/[08]a. shi. ta[3-bma.1].mp3,
/mnt/portable/MUSIC/Noise/T/Constant/For The Music/[11]Gather Gold - CYTOKINE Remix[3-bkk.1].mp3,
/mnt/portable/MUSIC/Noise/T/Constant/For The Music/[05]_Fall of feather.mp3,
/mnt/portable/MUSIC/Noise/T/Constant/For The Music/[03]Solitude[3-2cx.1].mp3,
/mnt/portable/MUSIC/Noise/T/Constant/For The Music/[07]_Naive.mp3,
/mnt/portable/MUSIC/Noise/T/Constant/For The Music/[04]Truly Shining Light[3-bcb.1].mp3,
/mnt/portable/MUSIC/Noise/T/Constant/For The Music/[09]paraguas[3-te6.1].mp3,
/mnt/portable/MUSIC/Noise/T/Constant/By The Left/[01]?????[3-2ys.1].mp3,
/mnt/portable/MUSIC/Noise/T/Constant/By The Left/[04]???[3-2sg.1].mp3,
/mnt/portable/MUSIC/Noise/T/Constant/By The Left/[04]???????[3-2yv.1].mp3,
/mnt/portable/MUSIC/Noise/T/Constant/By The Left/[07]??????????[3-2yy.1].mp3,
/mnt/portable/MUSIC/Noise/T/Constant/By The Left/[01]???Eastern Dream...[3-2yi.1].mp3,
/mnt/portable/MUSIC/Noise/T/Constant/By The Left/[05]Wake Up Yukari[3-8ji.1].mp3,
/mnt/portable/MUSIC/Noise/T/Constant/Double Time/[01]Whatever Masayoshi Minoshima Mix[3-2pp.1].mp3,
/mnt/portable/MUSIC/Noise/T/Constant/Double Time/[03]60[3-8jv.1].mp3,
/mnt/portable/MUSIC/Noise/T/Constant/Double Time/[06]Deep Mountain (In The Amnesia Remix)[3-axu.1].mp3,
/mnt/portable/MUSIC/Noise/T/Constant/Double Time/[11]_??.mp3,
/mnt/portable/MUSIC/Noise/T/Constant/Double Time/[05]_Elebreaka.mp3,
/mnt/portable/MUSIC/Noise/T/Constant/Double Time/[03]_Singing in the rain (?? Remix).mp3,
/mnt/portable/MUSIC/Noise/T/Constant/Double Time/[06]_The Wheel of Darkness.mp3,
/mnt/portable/MUSIC/Noise/T/Constant/Double Time/[1] __ Touhou Electro House 231.mp3,
/mnt/portable/MUSIC/Noise/T/Constant/Double Time/[06]_Girl locus.mp3,
/mnt/portable/MUSIC/Noise/T/Constant/Double Time/[09]_??.mp3,
