/run/media/m/WALKMAN/MUSIC/Noise/T/Variable/albumrelisten/retry/[03][3-qlf.2]%E8%8B%BA%E3%81%A8%E6%81%8B%E3%81%99%E3%82%8B.mp3,
/run/media/m/WALKMAN/MUSIC/Noise/T/Variable/albumrelisten/retry/[04][3-761.2]Polar%20Night.mp3,
/run/media/m/WALKMAN/MUSIC/Noise/T/Variable/albumrelisten/retry/[04][3-qlg.2]%E7%A7%8B%E3%83%8E%E9%A2%A8.mp3,
/run/media/m/WALKMAN/MUSIC/Noise/T/Variable/albumrelisten/retry/[05][3-58u.2]%E3%83%97%E3%83%AC%E3%82%A4%E3%83%B3%E3%82%A8%E3%82%A4%E3%82%B8%E3%82%A2-LNB%20Remix-.mp3,
/run/media/m/WALKMAN/MUSIC/Noise/T/Variable/albumrelisten/retry/[05][3-qlh.2]%E9%9D%9E%E5%B8%B8%E8%AD%98%E3%81%AA%E5%86%8D%E8%AB%96.mp3,
/run/media/m/WALKMAN/MUSIC/Noise/T/Variable/albumrelisten/retry/[06][3-763.2]Breaks.mp3,
/run/media/m/WALKMAN/MUSIC/Noise/T/Variable/albumrelisten/retry/[07][3-9td.2]SNCM%20METALLIC%20ONBASHIRA.mp3,
/run/media/m/WALKMAN/MUSIC/Noise/T/Variable/albumrelisten/retry/[09][3-4xx.2]Icarus.mp3,
/run/media/m/WALKMAN/MUSIC/Noise/T/Variable/albumrelisten/retry/[09][3-58y.2]%E6%98%9F%E5%B1%91%E3%81%AE%E3%82%A2%E3%83%B3%E3%82%B5%E3%83%B3%E3%83%96%E3%83%AB-Floor%20Style-.mp3,
/run/media/m/WALKMAN/MUSIC/Noise/T/Variable/albumrelisten/retry/[10][3-dyw.2]%E3%82%B3%E3%82%B3%E3%83%8F%E3%83%8A%E3%83%8B%E3%83%A2%E3%83%8A%E3%82%A4%E3%83%A6%E3%82%AD%E3%83%A4%E3%83%9E.mp3,
/run/media/m/WALKMAN/MUSIC/Noise/T/Variable/albumrelisten/retry/[11][3-4xz.2]END%20of%20AIR.mp3,
/run/media/m/WALKMAN/MUSIC/Noise/T/Variable/albumrelisten/retry/[11][3-dyx.2]%E9%9B%AA%E8%93%AE%E4%BD%95%E7%8E%B2%E7%93%8F%20%E2%80%9D%E3%81%97%E3%82%85%E3%81%88%E3%82%8C%E3%82%93%E3%81%AA%E3%82%93%E3%81%9E%E3%82%8C%E3%81%84%E3%82%8D%E3%81%86%E3%81%9F%E3%82%8B%E2%80%9D.mp3,
/run/media/m/WALKMAN/MUSIC/Noise/T/Variable/albumrelisten/retry/[12][3-399.2]%E5%90%9B%E3%81%AE%E7%99%BD%E3%81%84%E7%BF%BC.mp3,
